client_id,start_time,applicability,connection,content,progress,way_of_working,score
ad695dd5e8d044b7e61d7122443d90e8,2019-11-30,5.195946044921875,7.0,4.131756896972656,5.347973022460938,5.125,26.80067596435547
3998fd305b245938a6532e42d9b8d3fe,2023-03-14,5.907462768554687,7.0,7.0,4.546268615722656,7.0,31.453731384277344
3998fd305b245938a6532e42d9b8d3fe,2023-03-30,7.0,7.0,7.0,7.0,7.0,35.0
3998fd305b245938a6532e42d9b8d3fe,2023-05-04,7.0,7.0,7.0,5.5402984619140625,7.0,33.54029846191406
3998fd305b245938a6532e42d9b8d3fe,2023-05-11,7.0,7.0,7.0,5.880596923828125,7.0,33.88059692382812
3998fd305b245938a6532e42d9b8d3fe,2023-05-25,7.0,7.0,7.0,7.0,7.0,35.0
3998fd305b245938a6532e42d9b8d3fe,2023-06-01,7.0,7.0,7.0,7.0,7.0,35.0
3998fd305b245938a6532e42d9b8d3fe,2023-06-15,7.0,7.0,7.0,5.916417846679687,7.0,33.916417846679686
3998fd305b245938a6532e42d9b8d3fe,2023-06-22,7.0,7.0,7.0,7.0,7.0,35.0
3998fd305b245938a6532e42d9b8d3fe,2023-07-20,6.23880615234375,7.0,6.068656616210937,6.131343383789062,7.0,32.43880615234375
3998fd305b245938a6532e42d9b8d3fe,2023-08-14,7.0,7.0,7.0,7.0,7.0,35.0
3998fd305b245938a6532e42d9b8d3fe,2023-09-07,7.0,7.0,7.0,7.0,7.0,35.0
8c582f39ed7af97a900c9720c3d3c79c,2021-06-16,5.601351318359375,7.0,7.0,4.486486511230469,5.692567749023437,29.78040557861328
8c582f39ed7af97a900c9720c3d3c79c,2021-07-15,7.0,7.0,5.1452703857421875,7.0,7.0,33.14527038574219
71ec403877fc7e3ca9fea5c0f90a4fd5,2022-01-06,4.421875,5.640625,4.703125,3.484375,6.15625,24.40625
71ec403877fc7e3ca9fea5c0f90a4fd5,2022-01-14,3.90625,5.6875,4.890625,5.40625,5.875,25.765625
e6587678bfbccdf29a5e29fbdf1184cc,2021-05-27,5.640625,7.0,5.125,5.5,6.953125,30.21875
e6587678bfbccdf29a5e29fbdf1184cc,2021-07-23,4.703125,5.828125,4.28125,5.546875,6.34375,26.703125
e6587678bfbccdf29a5e29fbdf1184cc,2021-08-10,5.03125,5.546875,4.328125,4.1875,6.15625,25.25
e6587678bfbccdf29a5e29fbdf1184cc,2021-08-20,4.140625,5.078125,4.46875,5.03125,6.0625,24.78125
e6587678bfbccdf29a5e29fbdf1184cc,2021-09-07,4.84375,5.6875,4.609375,5.5,6.15625,26.796875
e6587678bfbccdf29a5e29fbdf1184cc,2021-12-07,5.3125,6.34375,6.15625,4.703125,6.34375,28.859375
e6587678bfbccdf29a5e29fbdf1184cc,2021-12-13,4.65625,5.875,4.84375,5.546875,5.640625,26.5625
e6587678bfbccdf29a5e29fbdf1184cc,2021-12-22,5.171875,5.40625,4.28125,5.171875,5.359375,25.390625
e6587678bfbccdf29a5e29fbdf1184cc,2022-01-29,4.515625,5.96875,4.9375,5.734375,6.15625,27.3125
e6587678bfbccdf29a5e29fbdf1184cc,2022-02-23,4.75,5.921875,4.5625,5.828125,6.203125,27.265625
62f87aee28c15e813b55f606784a2925,2022-05-17,5.5,7.0,7.0,5.171875,5.96875,30.640625
a14079be32ff8ea220e3be213a63309a,2023-07-19,4.0,5.265625,4.609375,4.0,5.734375,23.609375
a14079be32ff8ea220e3be213a63309a,2023-09-07,3.94,6.9,4.68,4.04,5.27,24.83
a14079be32ff8ea220e3be213a63309a,2023-09-12,4.54,5.99,7.0,4.18,5.52,27.23
a14079be32ff8ea220e3be213a63309a,2023-09-20,4.96,5.74,7.0,7.0,7.0,31.7
c83fac5023c3d63308e9b8297e259492,2022-05-25,4.0,6.34375,4.75,4.140625,5.78125,25.015625
c83fac5023c3d63308e9b8297e259492,2022-06-01,3.578125,4.5625,3.203125,4.140625,4.84375,20.328125
c83fac5023c3d63308e9b8297e259492,2022-06-09,4.890625,5.078125,4.46875,4.046875,4.984375,23.46875
c83fac5023c3d63308e9b8297e259492,2022-06-16,4.5625,6.015625,5.59375,4.75,4.890625,25.8125
c83fac5023c3d63308e9b8297e259492,2022-06-24,5.3125,5.21875,4.65625,5.546875,5.40625,26.140625
c83fac5023c3d63308e9b8297e259492,2022-07-20,5.03125,4.890625,4.84375,3.578125,4.890625,23.234375
5b4531f182c8c7011cd79a897e0b972c,2021-05-18,4.9375,6.15625,5.03125,4.65625,3.8125,24.59375
5b4531f182c8c7011cd79a897e0b972c,2021-06-01,3.203125,6.0625,4.65625,4.1875,3.296875,21.40625
5b4531f182c8c7011cd79a897e0b972c,2021-06-15,3.296875,5.265625,5.21875,4.75,3.015625,21.546875
5b4531f182c8c7011cd79a897e0b972c,2021-06-22,3.25,4.9375,4.5625,4.140625,2.59375,19.484375
5b4531f182c8c7011cd79a897e0b972c,2021-06-29,4.5625,5.734375,4.84375,3.953125,2.734375,21.828125
5b4531f182c8c7011cd79a897e0b972c,2021-07-12,3.296875,4.796875,4.890625,4.84375,3.671875,21.5
5b4531f182c8c7011cd79a897e0b972c,2021-07-21,3.53125,5.171875,5.078125,4.234375,3.859375,21.875
5b4531f182c8c7011cd79a897e0b972c,2021-07-28,3.296875,4.984375,4.796875,3.671875,3.34375,20.09375
5b4531f182c8c7011cd79a897e0b972c,2021-08-24,3.0625,5.546875,5.359375,3.859375,3.578125,21.40625
5b4531f182c8c7011cd79a897e0b972c,2021-08-31,3.296875,5.21875,5.078125,5.171875,3.25,22.015625
5b4531f182c8c7011cd79a897e0b972c,2021-09-16,2.96875,5.640625,5.453125,4.703125,3.8125,22.578125
5b4531f182c8c7011cd79a897e0b972c,2021-09-28,2.734375,5.359375,4.984375,3.34375,3.484375,19.90625
5b4531f182c8c7011cd79a897e0b972c,2021-10-07,3.625,5.265625,5.125,4.75,3.53125,22.296875
5b4531f182c8c7011cd79a897e0b972c,2021-10-14,2.453125,4.9375,4.796875,4.65625,3.625,20.46875
5b4531f182c8c7011cd79a897e0b972c,2021-10-26,3.53125,5.875,5.125,4.140625,3.859375,22.53125
4b3cd8953276f15376357ec159c7670b,2023-03-28,4.418006286621094,7.0,2.810289306640625,5.8456591796875,4.7395498657226565,24.813504638671876
4b3cd8953276f15376357ec159c7670b,2023-04-04,5.61414794921875,7.0,7.0,7.0,6.019292602539062,32.633440551757815
4b3cd8953276f15376357ec159c7670b,2023-04-12,5.344051513671875,5.472669067382813,6.115755615234375,6.07717041015625,5.028938903808593,28.038585510253906
4b3cd8953276f15376357ec159c7670b,2023-04-28,7.0,7.0,5.125402221679687,6.958198852539063,5.472669067382813,31.556270141601562
4b3cd8953276f15376357ec159c7670b,2023-05-02,6.08360107421875,5.974276123046875,5.196141357421875,5.601286010742188,6.07717041015625,28.932474975585937
4b3cd8953276f15376357ec159c7670b,2023-06-20,6.173633422851562,6.250803833007812,5.92926025390625,6.585208740234375,5.672025756835938,30.610932006835938
4b3cd8953276f15376357ec159c7670b,2023-08-01,6.456591186523437,6.572346801757813,5.903536987304688,6.38585205078125,7.0,32.318327026367186
17a9e36e142c7e1e5fc68cf0e16484e4,2021-02-09,5.523648681640625,6.942567749023437,6.564189453125,5.652026977539062,6.98310791015625,31.665540771484373
e2582ba5c98208c7c8831c15799f4d6a,2021-10-22,7.0,7.0,7.0,7.0,7.0,35.0
e2582ba5c98208c7c8831c15799f4d6a,2021-11-03,5.921875,7.0,7.0,7.0,7.0,33.921875
7346a974764d9f640889ac8529189f24,2021-05-27,7.0,7.0,7.0,6.811940307617188,7.0,34.811940307617185
e2c6eef7220a9823d25a11bbcdc962aa,2022-09-28,3.8624642944335936,7.0,5.914039916992188,7.0,7.0,30.77650421142578
e2c6eef7220a9823d25a11bbcdc962aa,2022-10-12,4.085959777832032,5.7421197509765625,3.839541320800781,4.538681945800781,7.0,25.206302795410156
e2c6eef7220a9823d25a11bbcdc962aa,2022-10-18,4.762177734375,4.802292175292969,5.885386962890625,5.19770751953125,5.392550048828125,26.040114440917968
e2c6eef7220a9823d25a11bbcdc962aa,2022-11-10,6.3094549560546875,6.068767700195313,6.22922607421875,7.0,6.343839111328125,31.951287841796876
e2c6eef7220a9823d25a11bbcdc962aa,2022-11-17,6.120343627929688,5.999999389648438,5.954154663085937,6.45272216796875,5.346704711914063,29.873924560546875
e2c6eef7220a9823d25a11bbcdc962aa,2022-12-08,7.0,5.765042724609375,6.091690673828125,7.0,6.4928369140625,32.3495703125
e2c6eef7220a9823d25a11bbcdc962aa,2022-12-21,7.0,7.0,7.0,7.0,7.0,35.0
e2c6eef7220a9823d25a11bbcdc962aa,2023-01-03,7.0,6.962750244140625,7.0,7.0,7.0,34.96275024414062
da1850b72fffacad55a49bff669f48c0,2020-01-06,7.0,7.0,7.0,7.0,7.0,35.0
da1850b72fffacad55a49bff669f48c0,2020-01-15,6.212838134765625,6.050675659179688,5.192567749023437,6.408782958984375,5.861486206054687,29.726350708007814
da1850b72fffacad55a49bff669f48c0,2020-02-25,5.92229736328125,6.6520263671875,6.2804052734375,7.0,6.17229736328125,32.0270263671875
da1850b72fffacad55a49bff669f48c0,2020-05-01,7.0,7.0,6.5912158203125,7.0,7.0,34.5912158203125
da1850b72fffacad55a49bff669f48c0,2020-06-05,5.57770263671875,5.3547296142578125,5.347973022460938,5.82770263671875,5.415540771484375,27.523648681640626
da1850b72fffacad55a49bff669f48c0,2020-11-26,6.469594116210938,6.469594116210938,6.48310791015625,6.523648681640625,7.0,32.94594482421875
da1850b72fffacad55a49bff669f48c0,2020-12-09,7.0,5.82770263671875,6.097973022460938,4.057432556152344,7.0,29.98310821533203
da1850b72fffacad55a49bff669f48c0,2021-04-30,6.814188842773437,7.0,6.24662109375,6.503378295898438,5.868243408203125,32.432431640625
da1850b72fffacad55a49bff669f48c0,2021-07-02,7.0,7.0,6.42229736328125,5.949324340820312,2.3547296142578125,28.726351318359374
da1850b72fffacad55a49bff669f48c0,2021-09-22,7.0,6.064189453125,7.0,5.739865112304687,5.861486206054687,31.665540771484373
da1850b72fffacad55a49bff669f48c0,2021-11-18,7.0,7.0,7.0,7.0,7.0,35.0
da1850b72fffacad55a49bff669f48c0,2022-03-04,5.6452703857421875,2.7668914794921875,7.0,6.037161865234375,5.699324340820312,27.148648071289063
da1850b72fffacad55a49bff669f48c0,2022-03-17,6.3547296142578125,6.760134887695313,6.3952703857421875,6.185810546875,6.543919067382813,32.23986450195312
da1850b72fffacad55a49bff669f48c0,2022-05-12,7.0,5.611486206054687,5.125,5.67229736328125,4.888513488769531,28.297297058105467
da1850b72fffacad55a49bff669f48c0,2022-05-19,5.942567749023437,5.564189453125,5.996621704101562,5.185810546875,5.631756591796875,28.320946044921875
da1850b72fffacad55a49bff669f48c0,2022-06-01,6.537161865234375,6.381756591796875,5.442567749023437,5.706080932617187,5.8952703857421875,29.962837524414063
da1850b72fffacad55a49bff669f48c0,2022-12-08,5.185810546875,6.084459228515625,2.4493243408203127,6.064189453125,2.32770263671875,22.11148620605469
872a556a5f1ff082361d20323b0d8faf,2021-09-02,5.800675659179688,6.375,5.206080932617187,5.888513793945313,6.023648681640625,29.293919067382813
afc3bf320d7a780442c30e5ad847a58a,2020-11-05,4.046875,5.359375,5.453125,5.3125,5.453125,25.625
afc3bf320d7a780442c30e5ad847a58a,2020-11-26,1.0,1.0,1.0,1.0,1.0,5.0
afc3bf320d7a780442c30e5ad847a58a,2021-03-30,5.96875,6.390625,5.21875,5.359375,5.359375,28.296875
5a9fea918dc724ac063dae1676763ebf,2021-09-03,3.951712951660156,6.331556396484375,3.8482415771484373,5.945263671875,5.752116088867187,25.828890686035155
5a9fea918dc724ac063dae1676763ebf,2021-09-10,5.7797088623046875,6.717850341796875,5.241657104492187,5.731422119140625,6.03493896484375,29.505577392578125
5a9fea918dc724ac063dae1676763ebf,2021-09-17,6.503378295898438,6.76689208984375,5.804053955078125,6.614865112304687,6.2702703857421875,31.959459838867186
5a9fea918dc724ac063dae1676763ebf,2021-09-24,5.524478759765625,7.0,5.49688720703125,6.4764166259765625,7.0,31.497782592773437
5a9fea918dc724ac063dae1676763ebf,2021-09-28,6.821321411132812,7.0,6.586787109375,6.690256958007812,6.18669677734375,33.28506225585937
5a9fea918dc724ac063dae1676763ebf,2021-10-05,7.0,7.0,5.538275146484375,6.2211865234375,6.807525634765625,32.5669873046875
5a9fea918dc724ac063dae1676763ebf,2021-10-12,6.469518432617187,7.0,6.372945556640625,6.007345581054688,7.0,32.8498095703125
face1464f05724851a275969a656b7e9,2021-05-21,5.1651373291015625,7.0,6.266055297851563,3.9724771118164064,5.779816284179687,28.183486022949218
face1464f05724851a275969a656b7e9,2021-05-28,4.568807373046875,7.0,7.0,4.532109985351562,5.183486328125,28.284403686523437
6e793d47d5cfc530b39c5fe1656163f2,2021-01-05,7.0,7.0,7.0,7.0,7.0,35.0
6e793d47d5cfc530b39c5fe1656163f2,2021-01-12,7.0,7.0,7.0,7.0,7.0,35.0
6e793d47d5cfc530b39c5fe1656163f2,2021-02-09,7.0,7.0,7.0,7.0,7.0,35.0
cc7773c13e99ceb8953ff9dd0beb9eb6,2022-10-11,5.734375,7.0,4.84375,4.46875,4.5625,26.609375
cc7773c13e99ceb8953ff9dd0beb9eb6,2022-10-20,4.0,7.0,7.0,4.703125,5.359375,28.0625
cc7773c13e99ceb8953ff9dd0beb9eb6,2022-11-01,7.0,7.0,5.59375,5.40625,5.640625,30.640625
cc7773c13e99ceb8953ff9dd0beb9eb6,2022-11-10,7.0,7.0,7.0,7.0,7.0,35.0
cc7773c13e99ceb8953ff9dd0beb9eb6,2022-11-17,7.0,7.0,7.0,7.0,7.0,35.0
cc7773c13e99ceb8953ff9dd0beb9eb6,2022-12-08,7.0,7.0,7.0,7.0,7.0,35.0
cc7773c13e99ceb8953ff9dd0beb9eb6,2022-12-15,7.0,7.0,7.0,7.0,7.0,35.0
cc7773c13e99ceb8953ff9dd0beb9eb6,2023-01-05,7.0,7.0,7.0,7.0,7.0,35.0
cc7773c13e99ceb8953ff9dd0beb9eb6,2023-01-10,7.0,7.0,7.0,7.0,7.0,35.0
cc7773c13e99ceb8953ff9dd0beb9eb6,2023-01-26,7.0,7.0,7.0,7.0,7.0,35.0
cc7773c13e99ceb8953ff9dd0beb9eb6,2023-02-10,7.0,7.0,7.0,7.0,7.0,35.0
7c47ee8f1052d8b7d22d2b41dfa0fe76,2021-10-11,7.0,7.0,7.0,7.0,7.0,35.0
47d667af579850aee50c19d45352d356,2022-06-01,7.0,7.0,5.734375,7.0,6.53125,33.265625
47d667af579850aee50c19d45352d356,2022-06-15,3.953125,7.0,4.1875,5.265625,6.4375,26.84375
47d667af579850aee50c19d45352d356,2022-07-20,6.859375,6.390625,6.71875,6.578125,6.765625,33.3125
47d667af579850aee50c19d45352d356,2022-07-27,6.671875,6.484375,5.921875,7.0,6.859375,32.9375
47d667af579850aee50c19d45352d356,2022-08-02,6.671875,6.765625,6.625,6.8125,6.71875,33.59375
47d667af579850aee50c19d45352d356,2023-07-11,4.0,5.6875,5.96875,4.0,5.734375,25.390625
47d667af579850aee50c19d45352d356,2023-08-11,5.734375,5.78125,5.78125,5.875,6.15625,29.328125
f0d30d8c979405adca22b6b779ef5c8a,2021-06-29,4.046875,7.0,1.0,3.8125,7.0,22.859375
f0d30d8c979405adca22b6b779ef5c8a,2021-07-08,4.1875,6.34375,5.359375,4.09375,6.203125,26.1875
f0d30d8c979405adca22b6b779ef5c8a,2021-08-12,6.0625,7.0,6.296875,6.53125,6.4375,32.328125
f0d30d8c979405adca22b6b779ef5c8a,2021-08-19,4.1875,6.390625,5.359375,5.453125,6.484375,27.875
f0d30d8c979405adca22b6b779ef5c8a,2021-09-03,5.734375,5.6875,5.640625,4.890625,5.78125,27.734375
f0d30d8c979405adca22b6b779ef5c8a,2021-10-08,5.546875,6.015625,6.015625,6.15625,6.203125,29.9375
f0d30d8c979405adca22b6b779ef5c8a,2021-11-05,6.34375,5.6875,6.25,5.78125,6.53125,30.59375
7bde92b0a1f8dd189ae877d44af243cb,2023-01-03,3.8746267700195314,6.1044775390625,3.9552239990234375,5.81791015625,6.597014770507813,26.34925323486328
7bde92b0a1f8dd189ae877d44af243cb,2023-01-17,4.501492614746094,5.594030151367187,4.3940298461914065,3.84776123046875,5.692537231445312,24.02985107421875
7bde92b0a1f8dd189ae877d44af243cb,2023-02-03,5.683582153320312,6.25671630859375,5.96119384765625,4.4029849243164065,6.355223999023438,28.659701232910155
7bde92b0a1f8dd189ae877d44af243cb,2023-04-03,4.537313537597656,7.0,4.3134329223632815,6.149253540039062,5.7014923095703125,27.701492309570312
7bde92b0a1f8dd189ae877d44af243cb,2023-04-11,6.059701538085937,6.014925537109375,4.582089538574219,5.853731079101562,6.122388305664063,28.632835998535157
1d32841fbf99d948283d2c35b410d032,2019-10-24,7.0,7.0,7.0,7.0,7.0,35.0
1d32841fbf99d948283d2c35b410d032,2019-10-30,7.0,7.0,7.0,7.0,7.0,35.0
1d32841fbf99d948283d2c35b410d032,2019-11-06,7.0,7.0,7.0,7.0,7.0,35.0
1d32841fbf99d948283d2c35b410d032,2019-11-13,7.0,7.0,7.0,7.0,7.0,35.0
1d32841fbf99d948283d2c35b410d032,2019-11-27,7.0,7.0,7.0,7.0,7.0,35.0
1d32841fbf99d948283d2c35b410d032,2019-12-04,7.0,7.0,7.0,7.0,7.0,35.0
1d32841fbf99d948283d2c35b410d032,2019-12-11,7.0,7.0,7.0,7.0,7.0,35.0
1d32841fbf99d948283d2c35b410d032,2019-12-18,7.0,7.0,7.0,7.0,7.0,35.0
1d32841fbf99d948283d2c35b410d032,2020-01-02,7.0,7.0,7.0,7.0,7.0,35.0
1d32841fbf99d948283d2c35b410d032,2020-01-08,7.0,7.0,7.0,7.0,7.0,35.0
1d32841fbf99d948283d2c35b410d032,2020-01-15,7.0,7.0,7.0,7.0,7.0,35.0
1d32841fbf99d948283d2c35b410d032,2020-01-23,7.0,7.0,7.0,7.0,7.0,35.0
1d32841fbf99d948283d2c35b410d032,2020-01-29,7.0,7.0,7.0,7.0,7.0,35.0
1d32841fbf99d948283d2c35b410d032,2020-02-05,7.0,7.0,7.0,7.0,7.0,35.0
1d32841fbf99d948283d2c35b410d032,2020-02-12,7.0,7.0,7.0,7.0,7.0,35.0
1d32841fbf99d948283d2c35b410d032,2020-02-20,7.0,7.0,7.0,7.0,7.0,35.0
1d32841fbf99d948283d2c35b410d032,2020-02-26,7.0,7.0,7.0,7.0,7.0,35.0
1d32841fbf99d948283d2c35b410d032,2020-03-11,7.0,7.0,7.0,7.0,7.0,35.0
1d32841fbf99d948283d2c35b410d032,2020-03-24,7.0,7.0,7.0,7.0,7.0,35.0
0f4d7faf47f1e28e17254d7dc7077623,2023-05-12,5.994029541015625,7.0,7.0,5.9223876953125,6.56119384765625,32.47761108398438
0f4d7faf47f1e28e17254d7dc7077623,2023-06-09,5.594030151367187,5.420895385742187,5.307462768554688,5.259701538085937,5.26567138671875,26.84776123046875
0f4d7faf47f1e28e17254d7dc7077623,2023-07-02,6.005969848632812,6.16119384765625,5.683582153320312,5.910447998046875,5.480596923828125,29.241790771484375
0f4d7faf47f1e28e17254d7dc7077623,2023-07-07,6.0,6.322388305664062,7.0,5.9223876953125,5.546268920898438,30.791044921875
0f4d7faf47f1e28e17254d7dc7077623,2023-07-13,5.629850463867188,5.93432861328125,5.7014923095703125,5.83880615234375,5.3791046142578125,28.483582153320313
0f4d7faf47f1e28e17254d7dc7077623,2023-07-20,6.077611694335937,5.9223876953125,5.850745849609375,5.98208984375,5.5402984619140625,29.373133544921874
0f4d7faf47f1e28e17254d7dc7077623,2023-07-27,6.149253540039062,6.662686767578125,6.01791015625,6.214925537109375,5.2059698486328125,30.250745849609373
0f4d7faf47f1e28e17254d7dc7077623,2023-08-02,6.089552001953125,6.214925537109375,6.262686157226563,6.352238159179688,5.671641235351562,30.591043090820314
0f4d7faf47f1e28e17254d7dc7077623,2023-08-14,6.173134155273438,5.785074462890625,6.1970147705078125,6.23880615234375,5.337313232421875,29.7313427734375
60e8bd19028acd97dbe7b900a791a178,2023-02-14,6.25,6.859375,6.90625,6.15625,7.0,33.171875
60e8bd19028acd97dbe7b900a791a178,2023-02-21,5.734375,7.0,7.0,6.578125,7.0,33.3125
60e8bd19028acd97dbe7b900a791a178,2023-02-28,5.96875,7.0,6.4375,7.0,7.0,33.40625
60e8bd19028acd97dbe7b900a791a178,2023-03-07,6.671875,7.0,6.53125,6.484375,6.625,33.3125
60e8bd19028acd97dbe7b900a791a178,2023-03-14,7.0,7.0,7.0,7.0,7.0,35.0
60e8bd19028acd97dbe7b900a791a178,2023-05-02,6.8125,6.578125,6.578125,6.765625,6.625,33.359375
60e8bd19028acd97dbe7b900a791a178,2023-05-16,6.578125,7.0,7.0,6.625,7.0,34.203125
f10d1efb9f5d3386a9bd3c276123a370,2022-03-31,4.75,4.890625,4.46875,5.359375,4.609375,24.078125
f10d1efb9f5d3386a9bd3c276123a370,2022-04-21,5.640625,6.109375,6.0625,6.203125,6.15625,30.171875
f10d1efb9f5d3386a9bd3c276123a370,2022-04-28,6.578125,5.5,6.0625,6.15625,6.53125,30.828125
f10d1efb9f5d3386a9bd3c276123a370,2022-05-18,4.609375,4.5625,4.515625,4.609375,5.171875,23.46875
f10d1efb9f5d3386a9bd3c276123a370,2022-06-02,4.421875,4.609375,3.765625,4.328125,4.703125,21.828125
f10d1efb9f5d3386a9bd3c276123a370,2022-06-16,6.390625,6.015625,5.03125,6.0625,6.015625,29.515625
f10d1efb9f5d3386a9bd3c276123a370,2022-07-07,6.578125,6.34375,5.921875,5.828125,6.484375,31.15625
f10d1efb9f5d3386a9bd3c276123a370,2022-07-28,6.671875,6.484375,6.15625,6.296875,6.671875,32.28125
f10d1efb9f5d3386a9bd3c276123a370,2022-08-04,5.828125,6.578125,5.078125,6.4375,6.296875,30.21875
e65370369101a7cf5cb0002fa1c2999b,2021-04-15,4.0,3.90625,3.71875,4.28125,5.171875,21.078125
e65370369101a7cf5cb0002fa1c2999b,2021-04-22,4.328125,5.453125,5.5,5.03125,4.28125,24.59375
e65370369101a7cf5cb0002fa1c2999b,2021-05-10,4.609375,5.921875,4.796875,4.328125,5.546875,25.203125
e65370369101a7cf5cb0002fa1c2999b,2021-05-17,4.383954162597656,5.828079833984375,5.684813842773438,5.398280639648437,4.687679138183594,25.9828076171875
e65370369101a7cf5cb0002fa1c2999b,2021-05-26,4.6189111328125,5.163323974609375,4.527220458984375,4.951289367675781,4.584527282714844,23.845272216796875
e65370369101a7cf5cb0002fa1c2999b,2021-07-15,3.6446990966796875,5.209169311523437,5.21489990234375,4.888252258300781,5.243552856445312,24.20057342529297
f60535dcae56c999b24a1bf377cbe548,2021-10-19,7.0,7.0,6.991044921875,5.6955224609375,5.462686767578125,32.149254150390625
f60535dcae56c999b24a1bf377cbe548,2023-10-05,2.15,7.0,6.92,1.54,5.28,22.89
010d361284632d56504488e9c5fe1814,2020-09-01,6.15625,7.0,7.0,4.0,6.953125,31.109375
010d361284632d56504488e9c5fe1814,2020-09-02,7.0,7.0,7.0,7.0,7.0,35.0
c52942aa09bedcc6abc0e26ebc5be522,2021-02-01,4.84375,5.734375,6.109375,5.59375,4.84375,27.125
e9557b5b789f80c43aca51cfab5ecad1,2023-03-09,4.046875,6.484375,3.8125,3.90625,6.0625,24.3125
554adc94b78b605516b4b5639f94c401,2021-02-17,5.94328369140625,6.122388305664063,4.0447760009765625,6.202985229492188,5.862686767578125,28.176119995117187
554adc94b78b605516b4b5639f94c401,2021-03-03,5.602985229492187,5.4597015380859375,4.492537231445312,5.21791015625,5.907462768554687,26.680596923828126
554adc94b78b605516b4b5639f94c401,2021-03-10,4.814925231933594,5.629850463867188,6.158209228515625,5.325372924804688,5.271641845703125,27.199999694824218
554adc94b78b605516b4b5639f94c401,2022-01-05,4.608955078125,4.0447760009765625,3.6865670776367185,5.35223876953125,3.829850769042969,21.5223876953125
b4ba4e13d559fc30f9768ca8d5d612cb,2021-05-04,6.015625,5.171875,5.875,5.640625,5.828125,28.53125
c22e8670ae2bc92f4f474387445f1eec,2021-09-15,5.265625,6.4375,6.015625,4.9375,5.734375,28.390625
c22e8670ae2bc92f4f474387445f1eec,2021-10-11,4.09375,7.0,7.0,3.90625,7.0,29.0
c22e8670ae2bc92f4f474387445f1eec,2022-03-03,6.015625,7.0,5.875,6.296875,7.0,32.1875
c22e8670ae2bc92f4f474387445f1eec,2022-03-29,7.0,6.390625,5.78125,7.0,6.390625,32.5625
0c49f4099c7ab522a1034e887b3e67ac,2021-02-10,4.515625,5.96875,5.453125,5.96875,5.875,27.78125
0c49f4099c7ab522a1034e887b3e67ac,2021-02-12,5.828125,6.390625,6.015625,5.40625,6.109375,29.75
0c49f4099c7ab522a1034e887b3e67ac,2021-02-17,5.828125,5.96875,5.3125,6.15625,5.875,29.140625
0c49f4099c7ab522a1034e887b3e67ac,2021-02-24,6.0625,5.453125,6.296875,5.875,5.921875,29.609375
0c49f4099c7ab522a1034e887b3e67ac,2021-03-03,7.0,5.875,7.0,5.875,6.203125,31.953125
0c49f4099c7ab522a1034e887b3e67ac,2021-03-09,6.0625,6.578125,5.875,6.203125,6.4375,31.15625
0c49f4099c7ab522a1034e887b3e67ac,2021-03-24,5.6875,4.890625,5.40625,6.484375,6.34375,28.8125
0c49f4099c7ab522a1034e887b3e67ac,2021-03-31,6.390625,5.78125,5.6875,5.5,6.296875,29.65625
0c49f4099c7ab522a1034e887b3e67ac,2021-04-14,6.015625,5.875,5.546875,6.015625,6.203125,29.65625
0c49f4099c7ab522a1034e887b3e67ac,2021-04-21,5.921875,5.265625,5.453125,6.015625,6.15625,28.8125
0c49f4099c7ab522a1034e887b3e67ac,2021-04-28,5.734375,5.96875,5.5,6.15625,6.578125,29.9375
7967f298cc128ba31c0eac24b1ce42c7,2022-01-11,7.0,7.0,7.0,7.0,7.0,35.0
a67701dff059a9c126e8f7d6ba8a3022,2021-07-07,5.543568725585938,7.0,7.0,7.0,4.360995788574218,30.904564514160157
a67701dff059a9c126e8f7d6ba8a3022,2021-07-20,6.6514520263671875,6.6514520263671875,7.0,7.0,7.0,34.30290405273438
a67701dff059a9c126e8f7d6ba8a3022,2021-07-26,7.0,7.0,7.0,7.0,7.0,35.0
a67701dff059a9c126e8f7d6ba8a3022,2021-07-28,7.0,7.0,7.0,7.0,7.0,35.0
a67701dff059a9c126e8f7d6ba8a3022,2021-08-05,7.0,7.0,7.0,7.0,7.0,35.0
a67701dff059a9c126e8f7d6ba8a3022,2021-08-13,7.0,7.0,7.0,7.0,7.0,35.0
a67701dff059a9c126e8f7d6ba8a3022,2021-08-18,7.0,7.0,7.0,7.0,7.0,35.0
a67701dff059a9c126e8f7d6ba8a3022,2021-08-18,7.0,7.0,7.0,7.0,7.0,35.0
a67701dff059a9c126e8f7d6ba8a3022,2021-08-26,7.0,7.0,7.0,7.0,7.0,35.0
a67701dff059a9c126e8f7d6ba8a3022,2021-09-02,7.0,5.755186767578125,7.0,7.0,7.0,33.755186767578124
a67701dff059a9c126e8f7d6ba8a3022,2021-09-09,7.0,7.0,7.0,7.0,7.0,35.0
a67701dff059a9c126e8f7d6ba8a3022,2021-12-16,7.0,7.0,7.0,7.0,7.0,35.0
a67701dff059a9c126e8f7d6ba8a3022,2021-12-20,7.0,7.0,7.0,7.0,7.0,35.0
a67701dff059a9c126e8f7d6ba8a3022,2022-01-03,7.0,7.0,7.0,7.0,7.0,35.0
a67701dff059a9c126e8f7d6ba8a3022,2022-01-17,7.0,7.0,7.0,7.0,7.0,35.0
a67701dff059a9c126e8f7d6ba8a3022,2022-01-24,7.0,7.0,7.0,7.0,7.0,35.0
a67701dff059a9c126e8f7d6ba8a3022,2022-02-03,7.0,7.0,7.0,7.0,7.0,35.0
a67701dff059a9c126e8f7d6ba8a3022,2022-02-07,7.0,7.0,7.0,7.0,7.0,35.0
a67701dff059a9c126e8f7d6ba8a3022,2022-02-21,7.0,7.0,7.0,7.0,7.0,35.0
a67701dff059a9c126e8f7d6ba8a3022,2022-03-17,7.0,7.0,6.565916137695313,7.0,7.0,34.56591613769531
1ddaf67aaed39dc861d9aa6eb84058eb,2022-02-22,6.300675659179688,5.760134887695313,6.118243408203125,6.489864501953125,3.5777023315429686,28.24662078857422
1ddaf67aaed39dc861d9aa6eb84058eb,2022-02-28,5.679053955078125,6.206080322265625,6.1047296142578125,6.192567749023437,4.037162170410157,28.219593811035157
1ddaf67aaed39dc861d9aa6eb84058eb,2022-03-11,6.111486206054687,6.152026977539062,5.902026977539062,6.023648681640625,4.057432556152344,28.246621398925782
1ddaf67aaed39dc861d9aa6eb84058eb,2022-03-16,6.260134887695313,6.300675659179688,6.199324340820312,6.48310791015625,4.638513488769531,29.881756286621094
1ddaf67aaed39dc861d9aa6eb84058eb,2022-03-28,6.084459228515625,6.1452703857421875,6.091216430664063,6.631755981445313,5.32770263671875,30.28040466308594
1ddaf67aaed39dc861d9aa6eb84058eb,2022-04-04,5.6047296142578125,5.753378295898438,5.706080932617187,6.44932373046875,5.199324340820312,28.7128369140625
1ddaf67aaed39dc861d9aa6eb84058eb,2022-04-11,4.6047296142578125,5.861486206054687,5.881756591796875,6.402026977539062,5.0304052734375,27.78040466308594
1ddaf67aaed39dc861d9aa6eb84058eb,2022-04-25,4.962837829589843,5.787161865234375,5.949324340820312,6.0304052734375,4.929053955078125,27.658783264160157
1ddaf67aaed39dc861d9aa6eb84058eb,2022-05-09,4.908783874511719,5.131756591796875,5.570946044921875,6.2668914794921875,4.5844595336914065,26.462837524414063
1ddaf67aaed39dc861d9aa6eb84058eb,2022-05-16,5.638513793945313,5.814189453125,5.212838134765625,6.2668914794921875,4.706080932617187,27.63851379394531
1ddaf67aaed39dc861d9aa6eb84058eb,2022-05-31,5.064189147949219,5.347973022460938,5.489865112304687,6.185810546875,4.746621704101562,26.834459533691405
1ddaf67aaed39dc861d9aa6eb84058eb,2022-06-13,4.908783874511719,5.3952703857421875,4.814188842773437,5.611486206054687,4.793918762207031,25.523648071289063
1ddaf67aaed39dc861d9aa6eb84058eb,2022-06-20,5.158783569335937,5.652026977539062,5.158783569335937,5.584459228515625,4.73310791015625,26.28716125488281
1ddaf67aaed39dc861d9aa6eb84058eb,2022-06-27,5.807432250976563,5.658783569335937,5.570946044921875,5.949324340820312,4.814188842773437,27.800675048828126
1ddaf67aaed39dc861d9aa6eb84058eb,2022-07-04,5.219594116210938,5.5304052734375,5.73310791015625,5.996621704101562,4.915540161132813,27.395269165039064
1ddaf67aaed39dc861d9aa6eb84058eb,2022-07-11,5.26689208984375,5.212838134765625,5.7804052734375,5.847973022460938,4.631756591796875,26.739865112304688
1ddaf67aaed39dc861d9aa6eb84058eb,2022-07-19,5.888513793945313,5.611486206054687,5.935810546875,5.9695947265625,5.050675659179688,28.456080932617187
1ddaf67aaed39dc861d9aa6eb84058eb,2022-07-25,6.091216430664063,6.1452703857421875,6.192567749023437,6.57770263671875,5.077702331542969,30.084459533691405
1ddaf67aaed39dc861d9aa6eb84058eb,2022-08-01,6.043919067382813,5.949324340820312,6.24662109375,6.1452703857421875,5.17229736328125,29.55743225097656
f8fb8ad779b75c711f06a1d893967526,2023-07-10,5.78125,7.0,5.59375,7.0,7.0,32.375
0fb44c5cfb129997e8e1cb01fc66becc,2022-10-17,5.266881103515625,7.0,5.356913452148437,4.527331237792969,5.273311767578125,27.424437561035155
0fb44c5cfb129997e8e1cb01fc66becc,2022-11-09,7.0,7.0,7.0,5.942122192382812,5.787781372070312,32.729903564453124
0fb44c5cfb129997e8e1cb01fc66becc,2022-11-23,7.0,7.0,7.0,6.327974243164062,6.372990112304688,33.70096435546875
0fb44c5cfb129997e8e1cb01fc66becc,2022-12-14,7.0,7.0,7.0,6.302250366210938,6.752411499023437,34.05466186523437
0fb44c5cfb129997e8e1cb01fc66becc,2022-12-20,7.0,7.0,7.0,6.250803833007812,6.720256958007813,33.971060791015624
0fb44c5cfb129997e8e1cb01fc66becc,2023-02-09,7.0,7.0,7.0,7.0,6.649517211914063,34.64951721191406
88b2e6b62e814dfd3a60f84ec1fa65eb,2022-06-09,5.5,4.515625,5.078125,3.203125,2.40625,20.703125
88b2e6b62e814dfd3a60f84ec1fa65eb,2022-06-22,5.125,4.65625,4.703125,4.328125,2.546875,21.359375
88b2e6b62e814dfd3a60f84ec1fa65eb,2022-07-07,5.78125,4.328125,5.078125,2.5,2.3125,20.0
d44daae2a0a3fbfdd577f24182a5ac60,2022-06-07,7.0,7.0,7.0,4.847973022460938,6.361486206054687,32.20945922851563
d44daae2a0a3fbfdd577f24182a5ac60,2022-06-14,6.320946044921875,7.0,7.0,5.658783569335937,5.557432250976563,31.537161865234374
d44daae2a0a3fbfdd577f24182a5ac60,2022-06-28,6.530404663085937,5.875,5.422296752929688,6.206080322265625,2.8952703857421875,26.92905212402344
d44daae2a0a3fbfdd577f24182a5ac60,2022-07-12,6.226350708007812,6.125,4.679053955078125,6.050675659179688,4.570945739746094,27.652026062011718
4a852f46359ff7c80a41655b44ecf165,2022-04-26,4.984375,6.015625,5.96875,6.4375,6.109375,29.515625
4a852f46359ff7c80a41655b44ecf165,2022-05-09,6.53125,5.59375,5.265625,7.0,5.640625,30.03125
4a852f46359ff7c80a41655b44ecf165,2022-09-12,6.34375,5.5,5.59375,6.53125,6.15625,30.125
4a852f46359ff7c80a41655b44ecf165,2022-10-17,6.0625,6.390625,6.15625,7.0,6.390625,32.0
4a852f46359ff7c80a41655b44ecf165,2022-10-18,6.90625,6.203125,6.0625,6.765625,6.53125,32.46875
4a852f46359ff7c80a41655b44ecf165,2022-10-24,6.953125,6.25,6.4375,6.90625,6.4375,32.984375
4a852f46359ff7c80a41655b44ecf165,2022-11-21,6.34375,7.0,6.765625,6.625,6.625,33.359375
b77893a89cc856fee92d57c8ce5c77a6,2021-05-21,4.328125,5.546875,5.265625,4.1875,4.703125,24.03125
b77893a89cc856fee92d57c8ce5c77a6,2021-05-28,4.796875,5.453125,4.796875,4.703125,4.421875,24.171875
b77893a89cc856fee92d57c8ce5c77a6,2021-06-04,4.9375,5.96875,5.21875,4.890625,4.375,25.390625
b77893a89cc856fee92d57c8ce5c77a6,2021-06-22,4.515625,4.9375,4.9375,4.5625,4.328125,23.28125
b77893a89cc856fee92d57c8ce5c77a6,2021-06-25,4.84375,5.546875,4.984375,4.609375,4.65625,24.640625
b77893a89cc856fee92d57c8ce5c77a6,2021-07-23,5.171875,5.21875,5.125,4.796875,4.75,25.0625
b77893a89cc856fee92d57c8ce5c77a6,2021-08-06,4.9375,4.703125,4.75,4.375,4.84375,23.609375
b77893a89cc856fee92d57c8ce5c77a6,2021-08-12,5.03125,5.03125,4.796875,4.5625,4.703125,24.125
b77893a89cc856fee92d57c8ce5c77a6,2021-08-20,4.75,5.078125,4.65625,4.609375,4.703125,23.796875
b77893a89cc856fee92d57c8ce5c77a6,2021-09-03,4.703125,5.03125,5.03125,4.65625,4.515625,23.9375
b77893a89cc856fee92d57c8ce5c77a6,2021-09-13,4.703125,5.265625,4.703125,4.5625,4.84375,24.078125
b77893a89cc856fee92d57c8ce5c77a6,2021-09-20,4.5625,4.84375,4.84375,4.65625,4.890625,23.796875
b77893a89cc856fee92d57c8ce5c77a6,2021-09-27,4.703125,4.84375,4.890625,4.703125,4.703125,23.84375
b77893a89cc856fee92d57c8ce5c77a6,2021-10-04,4.65625,5.078125,4.5625,4.515625,4.515625,23.328125
b77893a89cc856fee92d57c8ce5c77a6,2021-10-11,4.5625,4.84375,4.84375,4.515625,4.609375,23.375
b77893a89cc856fee92d57c8ce5c77a6,2021-11-01,4.28125,4.515625,4.421875,4.328125,4.515625,22.0625
b77893a89cc856fee92d57c8ce5c77a6,2021-11-05,4.515625,5.03125,4.515625,4.46875,4.46875,23.0
b77893a89cc856fee92d57c8ce5c77a6,2021-11-26,4.75,4.84375,4.421875,4.609375,4.703125,23.328125
b77893a89cc856fee92d57c8ce5c77a6,2021-12-03,4.796875,5.03125,4.9375,4.609375,4.796875,24.171875
b77893a89cc856fee92d57c8ce5c77a6,2021-12-23,4.609375,4.890625,4.796875,4.09375,4.375,22.765625
d11f51ca9068b43c9432a134fcac8641,2021-05-31,6.39189208984375,6.908783569335937,3.1993243408203127,4.831080932617187,2.226351318359375,23.55743225097656
d11f51ca9068b43c9432a134fcac8641,2021-06-09,5.317567749023437,6.614865112304687,6.564189453125,5.165540771484375,4.162162170410157,27.824325256347656
d11f51ca9068b43c9432a134fcac8641,2021-06-14,6.118243408203125,6.746621704101562,6.006756591796875,4.445946044921875,3.726351318359375,27.043919067382813
d11f51ca9068b43c9432a134fcac8641,2021-06-21,6.006756591796875,6.817567749023437,5.8445947265625,4.3952703857421875,3.6148648071289062,26.679054260253906
d11f51ca9068b43c9432a134fcac8641,2021-06-30,4.962837829589843,6.523648681640625,5.945946044921875,2.9256756591796873,3.787162170410156,24.145270385742187
d11f51ca9068b43c9432a134fcac8641,2021-07-23,5.67229736328125,5.550675659179688,3.9594595336914065,4.648648681640625,3.7162161254882813,23.54729736328125
d33a6b49206a1a1d4dd2031f170448ee,2022-07-08,6.484375,7.0,3.765625,7.0,7.0,31.25
d33a6b49206a1a1d4dd2031f170448ee,2022-07-30,7.0,7.0,7.0,6.232835693359375,7.0,34.23283569335938
d33a6b49206a1a1d4dd2031f170448ee,2022-08-09,7.0,7.0,7.0,6.668656616210938,7.0,34.66865661621094
